{"completed": {"isle-of-skye": "img/isle-of-skye.webp", "trans-siberian-railway": "img/trans-siberian-railway.webp", "botswana-okavango-delta": "img/botswana-okavango-delta.webp", "new-orleans": "img/new-orleans.webp", "bolivia-salar-de-uyuni": "img/bolivia-salar-de-uyuni.webp", "vanuatu": "img/vanuatu.webp", "shiraz": "img/shiraz.webp", "alaska": "img/alaska.webp", "senegal": "img/senegal.webp", "albania": "img/albania.webp", "lake-baikal": "img/lake-baikal.webp", "vancouver": "img/vancouver.webp", "amazon-rainforest": "img/amazon-rainforest.webp", "samoa": "img/samoa.webp", "budapest": "img/budapest.webp", "azerbaijan": "img/azerbaijan.webp", "myanmar": "img/myanmar.webp", "ecuador": "img/ecuador.webp", "philippines": "img/philippines.webp", "scottish-highlands": "img/scottish-highlands.webp", "lake-ohrid": "img/lake-ohrid.webp", "isfahan": "img/isfahan.webp", "singapore": "img/singapore.webp", "moravian-fields": "img/moravian-fields.webp", "salta": "img/salta.webp", "san-miguel-de-allende": "img/san-miguel-de-allende.webp", "georgia-usa": "img/georgia-usa.webp", "banff-national-park": "img/banff-national-park.webp", "sossusvlei": "img/sossusvlei.webp", "vanatu": "img/vanatu.webp", "kyoto-japan": "img/kyoto-japan.webp", "amsterdam-netherlands": "img/amsterdam-netherlands.webp", "cairo-egypt": "img/cairo-egypt.webp", "vancouver-canada": "img/vancouver-canada.webp", "buenos-aires-argentina": "img/buenos-aires-argentina.webp", "wellington-new-zealand": "img/wellington-new-zealand.webp", "petra-jordan": "img/petra-jordan.webp", "addis-ababa-ethiopia": "img/addis-ababa-ethiopia.webp", "havana-cuba": "img/havana-cuba.webp", "bora-bora-french-polynesia": "img/bora-bora-french-polynesia.webp", "cappadocia-turkey": "img/cappadocia-turkey.webp", "isle-of-skye-scotland": "img/isle-of-skye-scotland.webp", "siem-reap-cambodia": "img/siem-reap-cambodia.webp", "atacama-desert-chile": "img/atacama-desert-chile.webp", "budapest-hungary": "img/budapest-hungary.webp", "copenhagen-denmark": "img/copenhagen-denmark.webp", "melbourne-australia": "img/melbourne-australia.webp", "hanoi-vietnam": "img/hanoi-vietnam.webp", "vancouver-island-canada": "img/vancouver-island-canada.webp", "alberta": "img/alberta.webp", "myanmar-burma": "img/myanmar-burma.webp", "chilean-patagonia": "img/chilean-patagonia.webp", "belgrade-serbia": "img/belgrade-serbia.webp", "palawan-philippines": "img/palawan-philippines.webp", "the-azores-portugal": "img/the-azores-portugal.webp", "troms-norway": "img/troms-norway.webp", "lake-como-italy": "img/lake-como-italy.webp", "sossusvlei-namibia": "img/sossusvlei-namibia.webp", "guilin-china": "img/guilin-china.webp", "icelands-ring-road": "img/icelands-ring-road.webp", "moroccan-coast": "img/moroccan-coast.webp", "banff-national-park-canada": "img/banff-national-park-canada.webp", "the-orkney-islands": "img/the-orkney-islands.webp", "lapland": "img/lapland.webp", "lake-district-england": "img/lake-district-england.webp", "nepal": "img/nepal.webp", "rio-de-janeiro-brazil": "img/rio-de-janeiro-brazil.webp", "israel": "img/israel.webp", "sintra-portugal": "img/sintra-portugal.webp", "amalfi-coast-italy": "img/amalfi-coast-italy.webp", "lisbon-portugal": "img/lisbon-portugal.webp", "serengeti-national-park-tanzania": "img/serengeti-national-park-tanzania.webp", "cusco-peru": "img/cusco-peru.webp", "moravian-fields-czech-republic": "img/moravian-fields-czech-republic.webp", "tofino-bc-canada": "img/tofino-bc-canada.webp", "sapa-vietnam": "img/sapa-vietnam.webp", "the-isle-of-skye-scotland": "img/the-isle-of-skye-scotland.webp", "san-sebastian-spain": "img/san-sebastian-spain.webp", "zanzibar-tanzania": "img/zanzibar-tanzania.webp", "rome-italy": "img/rome-italy.webp", "palau": "img/palau.webp", "toronto-canada": "img/toronto-canada.webp", "romania": "img/romania.webp", "kerala-india": "img/kerala-india.webp", "patagonia-argentina": "img/patagonia-argentina.webp", "turkey": "img/turkey.webp", "egypt": "img/egypt.webp", "ireland": "img/ireland.webp", "botswana": "img/botswana.webp", "greece": "img/greece.webp", "norway": "img/norway.webp", "guatemala": "img/guatemala.webp", "quebec-city-canada": "img/quebec-city-canada.webp", "fiji": "img/fiji.webp", "muscat-oman": "img/muscat-oman.webp", "dubai-uae": "img/dubai-uae.webp", "puerto-rico": "img/puerto-rico.webp", "kathmandu-nepal": "img/kathmandu-nepal.webp", "valletta-malta": "img/valletta-malta.webp", "hoi-an-vietnam": "img/hoi-an-vietnam.webp", "isfahan-iran": "img/isfahan-iran.webp", "salento-colombia": "img/salento-colombia.webp", "bhuj-india": "img/bhuj-india.webp", "reykjavik-iceland": "img/reykjavik-iceland.webp", "cordoba-argentina": "img/cordoba-argentina.webp", "bergen-norway": "img/bergen-norway.webp", "udaipur-india": "img/udaipur-india.webp", "tirana-albania": "img/tirana-albania.webp", "vienna-austria": "img/vienna-austria.webp", "machu-picchu-peru": "img/machu-picchu-peru.webp", "granada-spain": "img/granada-spain.webp", "seoul-south-korea": "img/seoul-south-korea.webp", "queenstown-new-zealand": "img/queenstown-new-zealand.webp", "prague-czech-republic": "img/prague-czech-republic.webp", "santiago-chile": "img/santiago-chile.webp", "cape-town-south-africa": "img/cape-town-south-africa.webp", "mexico-city-mexico": "img/mexico-city-mexico.webp", "montreal-canada": "img/montreal-canada.webp", "budva-montenegro": "img/budva-montenegro.webp", "madrid-spain": "img/madrid-spain.webp", "dubrovnik-croatia": "img/dubrovnik-croatia.webp", "berlin-germany": "img/berlin-germany.webp", "yellowstone-national-park-usa": "img/yellowstone-national-park-usa.webp", "auckland-new-zealand": "img/auckland-new-zealand.webp", "amritsar-india": "img/amritsar-india.webp", "tbilisi-georgia": "img/tbilisi-georgia.webp", "ha-long-bay-vietnam": "img/ha-long-bay-vietnam.webp", "jaipur-india": "img/jaipur-india.webp", "seville-spain": "img/seville-spain.webp", "santorini-greece": "img/santorini-greece.webp", "luang-prabang-laos": "img/luang-prabang-laos.webp", "salta-argentina": "img/salta-argentina.webp", "dublin-ireland": "img/dublin-ireland.webp", "wadi-rum-jordan": "img/wadi-rum-jordan.webp", "istanbul-turkey": "img/istanbul-turkey.webp", "medellin-colombia": "img/medellin-colombia.webp", "johannesburg-south-africa": "img/johannesburg-south-africa.webp", "chefchaouen-morocco": "img/chefchaouen-morocco.webp", "lofoten-islands-norway": "img/lofoten-islands-norway.webp", "oaxaca-mexico": "img/oaxaca-mexico.webp", "socotra-yemen": "img/socotra-yemen.webp", "borneo-malaysiaindonesiabrunei": "img/borneo-malaysiaindonesiabrunei.webp", "svalbard-norway": "img/svalbard-norway.webp", "easter-island-chile": "img/easter-island-chile.webp", "cinque-terre-italy": "img/cinque-terre-italy.webp", "medelln-colombia": "img/medelln-colombia.webp", "vancouver-island": "img/vancouver-island.webp", "bogota-colombia": "img/bogota-colombia.webp", "marrakesh-morocco": "img/marrakesh-morocco.webp", "medellin": "img/medellin.webp", "charleston-south-carolina": "img/charleston-south-carolina.webp", "antelope-canyon-arizona-usa": "img/antelope-canyon-arizona-usa.webp", "lapland-finland": "img/lapland-finland.webp", "kiev-ukraine": "img/kiev-ukraine.webp", "tromso-norway": "img/tromso-norway.webp", "isle-of-mull-scotland": "img/isle-of-mull-scotland.webp", "aitutaki-cook-islands": "img/aitutaki-cook-islands.webp", "valparaiso-chile": "img/valparaiso-chile.webp", "tokyo-japan": "img/tokyo-japan.webp", "patagonia-chile": "img/patagonia-chile.webp", "amman-jordan": "img/amman-jordan.webp", "scottish-highlands-scotland": "img/scottish-highlands-scotland.webp", "vancouver-island-bc-canada": "img/vancouver-island-bc-canada.webp", "palermo-italy": "img/palermo-italy.webp", "peruvian-andes": "img/peruvian-andes.webp", "vancouver-bc": "img/vancouver-bc.webp", "palermo-sicily": "img/palermo-sicily.webp", "rome": "img/rome.webp", "la-paz-bolivia": "img/la-paz-bolivia.webp", "tel-aviv-israel": "img/tel-aviv-israel.webp", "colombo-sri-lanka": "img/colombo-sri-lanka.webp", "transylvania-romania": "img/transylvania-romania.webp", "hokkaido-japan": "img/hokkaido-japan.webp", "mendoza-argentina": "img/mendoza-argentina.webp", "riga-latvia": "img/riga-latvia.webp", "vancouver-bc-canada": "img/vancouver-bc-canada.webp", "corsica-france": "img/corsica-france.webp", "kathmandu-valley-nepal": "img/kathmandu-valley-nepal.webp", "tohoku-region-japan": "img/tohoku-region-japan.webp", "tuscany-italy": "img/tuscany-italy.webp", "st-johns-newfoundland-canada": "img/st-johns-newfoundland-canada.webp", "fez-morocco": "img/fez-morocco.webp", "kotor-montenegro": "img/kotor-montenegro.webp", "nairobi-kenya": "img/nairobi-kenya.webp", "hoi-an": "img/hoi-an.webp", "bora-bora": "img/bora-bora.webp", "tanzania-safari": "img/tanzania-safari.webp", "plitvice-lakes-national-park-croatia": "img/plitvice-lakes-national-park-croatia.webp", "tikal-guatemala": "img/tikal-guatemala.webp", "botswanas-okavango-delta": "img/botswanas-okavango-delta.webp", "mostar-bosnia-and-herzegovina": "img/mostar-bosnia-and-herzegovina.webp", "grace-bay-turks-and-caicos": "img/grace-bay-turks-and-caicos.webp", "seven-mile-beach-grand-cayman": "img/seven-mile-beach-grand-cayman.webp", "soufriere-st-lucia": "img/soufriere-st-lucia.webp", "speyside-tobago": "img/speyside-tobago.webp", "sosua-dominican-republic": "img/sosua-dominican-republic.webp", "sandy-ground-anguilla": "img/sandy-ground-anguilla.webp", "harbour-island-bahamas": "img/harbour-island-bahamas.webp", "anegada-british-virgin-islands": "img/anegada-british-virgin-islands.webp", "vieques-puerto-rico": "img/vieques-puerto-rico.webp"}, "failed": []}